timestamp,lineid,level,message
2024-06-20 08:15:11.904537,5,INFO,Log message 0
2024-06-20 08:12:11.904582,3,WARN,Log message 1
2024-06-20 08:05:11.904589,3,INFO,Log message 2
2024-06-20 08:09:11.904595,5,WARN,Log message 3
2024-06-20 08:07:11.904599,4,WARN,Log message 4
2024-06-20 07:55:11.904604,1,WARN,Log message 5
2024-06-20 08:03:11.904609,3,INFO,Log message 6
2024-06-20 07:47:11.904615,4,ERROR,Log message 7
2024-06-20 07:43:11.904627,2,WARN,Log message 8
2024-06-20 07:39:11.904632,2,DEBUG,Log message 9
2024-06-20 07:35:11.904636,2,DEBUG,Log message 10
2024-06-20 07:53:11.904639,5,DEBUG,Log message 11
2024-06-20 07:39:11.904643,3,ERROR,Log message 12
2024-06-20 08:02:11.904646,1,DEBUG,Log message 13
2024-06-20 07:19:11.904650,5,WARN,Log message 14
2024-06-20 07:00:11.904653,3,INFO,Log message 15
2024-06-20 07:11:11.904657,1,ERROR,Log message 16
2024-06-20 07:07:11.904662,4,WARN,Log message 17
2024-06-20 07:03:11.904665,5,WARN,Log message 18
2024-06-20 06:59:11.904669,4,ERROR,Log message 19
